TransactionId,Price,DateofTransfer,PropertyType,PropertyStatus,Duration,City,District,County,PPDCategoryType,RecordStatus 
{81B82214-7FBC-4129-9F6B-4956B4A663AD},25000,8/18/1995 0:00,T,N,F,OLDHAM,OLDHAM,GREATER MANCHESTER,A,A
{8046EC72-1466-42D6-A753-4956BF7CD8A2},42500,8/9/1995 0:00,S,N,F,GRAYS,THURROCK,THURROCK,A,A
{278D581A-5BF3-4FCE-AF62-4956D87691E6},45000,6/30/1995 0:00,T,N,F,HIGHBRIDGE,SEDGEMOOR,SOMERSET,A,A
{1D861C06-A416-4865-973C-4956DB12CD12},43150,11/24/1995 0:00,T,N,F,BEDFORD,NORTH BEDFORDSHIRE,BEDFORDSHIRE,A,A
{DD8645FD-A815-43A6-A7BA-4956E58F1874},18899,6/23/1995 0:00,S,N,F,WAKEFIELD,LEEDS,WEST YORKSHIRE,A,A
{895E4E63-203F-476A-9AA9-42389DD0AE5C},81750,5/19/1995 0:00,S,N,F,SALISBURY,SALISBURY,WILTSHIRE,A,A
{FB195C27-E790-45FD-847A-4238BC94546A},56000,3/10/1995 0:00,S,N,F,WITNEY,WEST OXFORDSHIRE,OXFORDSHIRE,A,A
{1D6B01EC-DC33-4147-8A21-4238BEB2D4C1},31000,3/2/1995 0:00,S,N,F,ST. AUSTELL,RESTORMEL,CORNWALL,A,A
{B8D0F817-4553-448D-A2C1-4238BF81C6FA},82000,6/16/1995 0:00,S,N,F,GREENFORD,EALING,GREATER LONDON,A,A
{6DD27423-CC39-4B31-A848-4238D58268D4},10000,5/17/1995 0:00,T,N,F,FERNDALE,RHONDDA,MID GLAMORGAN,A,A
{26D2C1C8-A3E3-41CE-BC2B-45C866A5AA8B},105000,5/26/1995 0:00,S,N,L,LYTHAM ST. ANNES,FYLDE,LANCASHIRE,A,A
{0B76F591-3A20-45C3-9866-3EA912F24661},59995,1/20/1995 0:00,D,N,F,BELPER,AMBER VALLEY,DERBYSHIRE,A,A
{E8615B54-3171-4C96-ABFF-3EA9203EBF84},31500,2/28/1995 0:00,T,N,F,BRIDGWATER,SEDGEMOOR,SOMERSET,A,A
{09268CEC-8551-4E3A-AED4-3EA9259D3470},37500,12/8/1995 0:00,T,N,F,WIRRAL,WIRRAL,MERSEYSIDE,A,A
{DA56CFC9-DE18-4A77-9230-3EA92F12B798},41000,4/24/1995 0:00,T,N,F,BIDEFORD,TORRIDGE,DEVON,A,A
{6F40F213-A5F8-497B-92FE-3B1849135192},82750,5/2/1995 0:00,S,N,F,FARNBOROUGH,HART,HAMPSHIRE,A,A
{9AE61270-4481-4152-841B-4956EDE13AC6},34000,7/31/1995 0:00,S,N,L,SHEFFIELD,SHEFFIELD,SOUTH YORKSHIRE,A,A
{DECB21B3-BCF5-4931-B9C6-45C880BAF99C},40000,12/1/1995 0:00,S,N,F,MIDDLESBROUGH,MIDDLESBROUGH,MIDDLESBROUGH,A,A
{A64E6025-1BF6-4769-B080-45C8B9119ED8},55000,3/31/1995 0:00,S,N,F,SWINDON,THAMESDOWN,THAMESDOWN,A,A
{245AD0F6-269C-4E7C-81D0-3EA95518A5E5},28500,10/19/1995 0:00,T,N,F,BOOTLE,SEFTON,MERSEYSIDE,A,A
{D0BAED24-1E5E-40CF-8457-3EA95E91EF75},76000,1/18/1995 0:00,D,N,F,LEEDS,LEEDS,WEST YORKSHIRE,A,A
{9512836C-3BF0-4A18-8540-3B187D0DBC4F},75000,1/4/1995 0:00,S,N,F,ALDERSHOT,RUSHMOOR,HAMPSHIRE,A,A
{25701C7F-D9C2-4A2C-984A-3B18892B64DD},36500,7/31/1995 0:00,D,N,F,GRANTHAM,SOUTH KESTEVEN,LINCOLNSHIRE,A,A
{5F732ADA-AE64-47FA-8B11-3B1896729A31},157500,5/31/1995 0:00,D,N,F,WARE,EAST HERTFORDSHIRE,HERTFORDSHIRE,A,A
{09146794-A5D5-4C52-8E66-49572C251193},184500,3/22/1995 0:00,D,Y,F,SOLIHULL,SOLIHULL,WEST MIDLANDS,A,A
{FCF5FBAE-CC59-417C-94F2-4957374E5EB4},70000,12/8/1995 0:00,S,Y,F,BANBURY,CHERWELL,OXFORDSHIRE,A,A
{7872E672-F131-4AE2-9926-49575B943C31},104000,4/7/1995 0:00,S,N,F,ENFIELD,ENFIELD,GREATER LONDON,A,A
{E9C2D8D2-F35C-4E27-82AF-42391A048C02},67000,1/24/1995 0:00,S,N,F,KING'S LYNN,KING'S LYNN AND WEST NORFOLK,NORFOLK,A,A
{A692446E-9046-4641-A5C2-3EA987CAFA7D},56000,12/15/1995 0:00,S,N,F,LEEDS,LEEDS,WEST YORKSHIRE,A,A
{532C20F8-8201-49EF-AEA8-3EA99680E3FB},43500,9/29/1995 0:00,T,N,F,STOCKPORT,STOCKPORT,GREATER MANCHESTER,A,A
{5F31B4FC-564E-4021-B643-3EA9986AF985},62000,2/21/1995 0:00,T,N,F,LONDON,BARNET,GREATER LONDON,A,A
{1DC76457-915F-48AB-87A0-3EA9998A60D4},47000,9/18/1995 0:00,T,N,F,LEEDS,LEEDS,WEST YORKSHIRE,A,A
{FFAACBD2-EB5A-4C35-9B0B-3B18CA6FE6C6},79500,9/1/1995 0:00,S,N,F,HULL,THE EAST YORKSHIRE BOROUGH OF BEVERLEY,HUMBERSIDE,A,A
{918ECD7D-1CF7-4E4E-9348-3B18D3F79E75},56750,7/28/1995 0:00,S,N,L,MANCHESTER,SALFORD,GREATER MANCHESTER,A,A
{A19FDDFE-E141-49FD-823A-49578C592A7A},23000,9/26/1995 0:00,T,N,F,NORTHAMPTON,NORTHAMPTON,NORTHAMPTONSHIRE,A,A
{61234766-65EE-413A-8A7C-4239591540AB},69950,7/12/1995 0:00,F,N,L,BUDLEIGH SALTERTON,EAST DEVON,DEVON,A,A
{0C92B547-E1F2-4674-8FE8-42396185D3FC},37950,4/21/1995 0:00,T,N,F,SOWERBY BRIDGE,CALDERDALE,WEST YORKSHIRE,A,A
{84973698-094D-4BBF-B4AE-42396C71AF6E},77495,1/5/1995 0:00,T,N,F,LONDON,WALTHAM FOREST,GREATER LONDON,A,A
{328D4F74-5A78-44CD-9766-42396E90FB79},39000,6/30/1995 0:00,T,N,F,NEWPORT,MEDINA,ISLE OF WIGHT,A,A
{3A10938D-F1C0-47F5-B3BE-423985ABA952},92500,6/30/1995 0:00,S,N,F,BUSHEY,HERTSMERE,HERTFORDSHIRE,A,A
{E9B43BCF-A64C-4B1B-98D6-4239956F2F2A},255000,6/30/1995 0:00,D,Y,F,BRISTOL,WOODSPRING,AVON,A,A
{2BEAB69F-2BCD-4D62-B045-423996DE623F},50000,10/16/1995 0:00,D,N,F,NOTTINGHAM,RUSHCLIFFE,NOTTINGHAMSHIRE,A,A
{A72A25BB-4A92-4975-A04A-45C8F7887CDD},26900,10/20/1995 0:00,T,N,F,GUISBOROUGH,LANGBAURGH-ON-TEES,CLEVELAND,A,A
{31F5D8BC-EE7B-4B90-8CC9-45C91BFE89C1},130500,6/21/1995 0:00,D,N,F,ST. ALBANS,ST ALBANS,HERTFORDSHIRE,A,A
{B9768969-67A6-4144-8AB4-45C92F592729},35000,11/24/1995 0:00,S,N,F,SWANSEA,LLIW VALLEY,WEST GLAMORGAN,A,A
{11235ABE-338B-4AD5-AFC4-3EA9B7670E08},60000,8/25/1995 0:00,D,Y,F,MIDDLESBROUGH,MIDDLESBROUGH,MIDDLESBROUGH,A,A
{CF446A06-6347-4C7D-8CCE-3EA9BD5F9685},34000,12/1/1995 0:00,T,N,F,CONGLETON,CONGLETON,CHESHIRE,A,A
{AC95B43C-B2E9-4CD8-A3C1-3EA9C7CD0913},127500,12/15/1995 0:00,S,N,F,WIRRAL,WIRRAL,MERSEYSIDE,A,A
{44B8F66A-BA66-4FC8-B087-3EA9E0299126},72000,4/3/1995 0:00,S,N,F,SWANSEA,LLIW VALLEY,WEST GLAMORGAN,A,A
{4A586127-853E-4750-AD73-3EA9E30DC52B},115000,5/9/1995 0:00,S,N,F,ORPINGTON,BROMLEY,GREATER LONDON,A,A
{A071B6C5-4B29-4E6F-9CDF-3EA9F9C5E09F},59500,1/6/1995 0:00,D,N,F,HARTLEPOOL,HARTLEPOOL,HARTLEPOOL,A,A
{DA62AC33-AEAC-4515-8255-3B19086454DB},78000,10/20/1995 0:00,T,N,F,ST. ALBANS,ST ALBANS,HERTFORDSHIRE,A,A
{452D916A-EA7F-4F63-B5AD-3B19153F6EE3},89000,12/1/1995 0:00,D,N,F,NOTTINGHAM,RUSHCLIFFE,NOTTINGHAMSHIRE,A,A
{254FD952-989F-472E-8C33-4957BC611C73},94000,3/24/1995 0:00,S,N,F,WEST MOLESEY,ELMBRIDGE,SURREY,A,A
{910A0F78-9932-4B0E-968E-4957BD954496},46000,8/9/1995 0:00,F,N,L,CHELMSFORD,CHELMSFORD,ESSEX,A,A
{19E34774-C21B-4B34-89DC-4957CEC6DC37},79500,4/6/1995 0:00,T,N,F,HIGH WYCOMBE,WYCOMBE,BUCKINGHAMSHIRE,A,A
{3BC58F07-877C-485A-8497-4957D3FC3A97},60000,9/29/1995 0:00,D,N,L,NEWCASTLE UPON TYNE,NEWCASTLE UPON TYNE,TYNE AND WEAR,A,A
{5EDE8F8E-40A9-4AA9-B6A1-42399F259D73},40000,5/26/1995 0:00,T,N,F,BRIGHTON,BRIGHTON,EAST SUSSEX,A,A
{D0E72C17-054C-4627-820E-4239A3229750},45000,7/28/1995 0:00,S,N,F,TREDEGAR,BLAENAU GWENT,BLAENAU GWENT,A,A
{97E6AE85-2794-4D88-A896-4239A7B547DD},46500,7/28/1995 0:00,S,N,F,SOUTHAMPTON,SOUTHAMPTON,SOUTHAMPTON,A,A
{F37BFDE1-3649-453C-89BD-4239B3E877EF},44500,3/17/1995 0:00,F,Y,L,EASTBOURNE,EASTBOURNE,EAST SUSSEX,A,A
{8F26E575-EC5C-4F09-A2FB-4239B99B6505},39950,2/28/1995 0:00,S,N,F,DUDLEY,DUDLEY,WEST MIDLANDS,A,A
{BD4407AC-0D15-4C96-8B11-4239BA9E47B1},66950,12/8/1995 0:00,D,Y,L,BEDLINGTON,WANSBECK,NORTHUMBERLAND,A,A
{102584BA-B57F-4EE5-A201-4239BE850B05},85550,1/26/1995 0:00,D,N,F,BEXHILL-ON-SEA,ROTHER,EAST SUSSEX,A,A
{6659807A-9D4F-4B2C-BE51-4239CF7CEEAC},72000,6/23/1995 0:00,D,N,F,WORCESTER,WORCESTER,WORCESTERSHIRE,A,A
{A2FBF78A-13AA-4C07-B66E-45C944577F1D},27500,8/25/1995 0:00,S,N,F,MANCHESTER,MANCHESTER,GREATER MANCHESTER,A,A
{C31CA47B-6B37-4A3E-A5D9-45C96C98E715},61500,8/4/1995 0:00,T,N,F,CRAWLEY,MID SUSSEX,WEST SUSSEX,A,A
{59AF0DFB-45AE-495F-A493-45C96D935815},57500,6/26/1995 0:00,S,N,F,ERITH,BEXLEY,GREATER LONDON,A,A
{97F473B8-019C-4E11-95FD-45C96DDE62B9},85995,12/8/1995 0:00,D,Y,F,NORTHWICH,VALE ROYAL,CHESHIRE,A,A
{CD02FA27-7BAF-4D7E-9EB3-3EAA0C14E91B},132000,12/15/1995 0:00,S,N,F,BROMLEY,BROMLEY,GREATER LONDON,A,A
{D1CD8AEA-8FD1-4B94-8540-3EAA10A42E7E},60000,12/21/1995 0:00,F,N,L,ASHFORD,ASHFORD,KENT,A,A
{773E01F6-D465-46D7-A1FA-3EAA15D64302},19500,7/14/1995 0:00,F,N,F,BIRKENHEAD,WIRRAL,MERSEYSIDE,A,A
{3C01FA3A-78CA-4F28-B05F-3EAA38703D7B},48500,8/8/1995 0:00,S,N,F,KIDDERMINSTER,WYRE FOREST,WORCESTERSHIRE,A,A
{F8AB903C-57DF-47DA-96D5-3B191E83D4D7},36000,12/20/1995 0:00,T,N,F,LEICESTER,HINCKLEY AND BOSWORTH,LEICESTERSHIRE,A,A
{E11E32BA-60C2-4BB6-B681-3B1957E8E330},44000,11/8/1995 0:00,S,N,F,CHELMSFORD,CHELMSFORD,ESSEX,A,A
{DF159DE2-7314-48BB-9E87-3B1959074319},100650,5/26/1995 0:00,D,N,F,NORTHAMPTON,NORTHAMPTON,NORTHAMPTONSHIRE,A,A
{0CFCC725-0208-43CD-9880-4957DAE1362A},82500,11/29/1995 0:00,D,N,F,NUNEATON,HINCKLEY AND BOSWORTH,LEICESTERSHIRE,A,A
{D32119E3-68DD-4909-A1FD-4957F2503C21},81950,2/28/1995 0:00,S,N,F,ALDERSHOT,RUSHMOOR,HAMPSHIRE,A,A
{F01D86AE-DCB4-4586-BECC-49581208C58E},87000,3/24/1995 0:00,D,Y,F,IPSWICH,SUFFOLK COASTAL,SUFFOLK,A,A
{93EFA5CB-2563-48D0-8F4C-4239ECC8276D},49000,11/24/1995 0:00,S,N,F,WIRRAL,WIRRAL,MERSEYSIDE,A,A
{0DDE7D6C-36B4-4659-9CA8-4239F7DB7D90},63000,10/20/1995 0:00,S,N,F,LEEDS,LEEDS,WEST YORKSHIRE,A,A
{2240455C-5844-4BDD-99E6-423A0BB80D4A},128000,4/3/1995 0:00,D,N,F,POOLE,POOLE,POOLE,A,A
{00CF0FF8-1282-4DA2-B652-423A0FBB4F74},59450,5/26/1995 0:00,S,N,L,STOCKPORT,STOCKPORT,GREATER MANCHESTER,A,A
{31D187F2-2604-4D87-B2CA-45C99E99197F},62000,2/28/1995 0:00,F,N,L,RICKMANSWORTH,THREE RIVERS,HERTFORDSHIRE,A,A
{FBECF7CE-3FD7-40A9-B433-3EAA731FABFD},65950,5/26/1995 0:00,D,Y,F,SCUNTHORPE,SCUNTHORPE,HUMBERSIDE,A,A
{7A28E11C-81FE-4BE9-9722-3EAA79DA1D10},90000,11/17/1995 0:00,D,N,F,BICESTER,CHERWELL,OXFORDSHIRE,A,A
{B2611300-90BB-4FF7-AB10-3B195C465BE8},49000,8/21/1995 0:00,T,N,F,WATERLOOVILLE,HAVANT,HAMPSHIRE,A,A
{87E4FE08-B0E8-4AAF-BEC6-3B19798FE294},22500,10/16/1995 0:00,S,N,F,THETFORD,BRECKLAND,NORFOLK,A,A
{A6F2BB05-5CCE-4F30-9543-3B1979F4BFEE},33000,8/18/1995 0:00,T,N,F,BIRMINGHAM,BIRMINGHAM,WEST MIDLANDS,A,A
{D2EBEDB8-56DA-4665-AF6D-4958218D4FBA},29995,6/9/1995 0:00,T,Y,F,MILTON KEYNES,MILTON KEYNES,MILTON KEYNES,A,A
{F4248276-A6E2-4B20-AA50-495834E9E51E},55000,9/12/1995 0:00,D,N,F,KETTERING,KETTERING,NORTHAMPTONSHIRE,A,A
{F33D6FEA-36D6-41CF-8084-49584762EFCB},86500,3/9/1995 0:00,T,N,F,WOODFORD GREEN,WALTHAM FOREST,GREATER LONDON,A,A
{CA3DFC79-B823-4A95-829A-495847BFF224},40000,6/30/1995 0:00,T,N,L,HIGH PEAK,HIGH PEAK,DERBYSHIRE,A,A
{FCB85BB3-F9C3-4CD8-BDA4-423A1D5A4578},82000,10/27/1995 0:00,S,N,F,FALMOUTH,KERRIER,CORNWALL,A,A
{E00DF5F9-0227-4A44-A82A-45C9CA2A593F},43750,7/21/1995 0:00,T,Y,F,PLYMOUTH,PLYMOUTH,DEVON,A,A
{A4B6B27B-A80B-4C28-A9B9-3EAA94075DD8},45500,5/12/1995 0:00,S,N,F,STOURBRIDGE,DUDLEY,WEST MIDLANDS,A,A
{24712943-85FD-46D3-B9CD-3EAA9CCB707D},45950,5/26/1995 0:00,T,N,L,BURY,BURY,GREATER MANCHESTER,A,A
{D8F79D6B-6C00-49A4-A961-3B19976CDFF6},45000,2/28/1995 0:00,D,N,F,SPALDING,SOUTH HOLLAND,LINCOLNSHIRE,A,A
{5BBE9CB3-6332-4EB0-9CD3-8737CEA4A65A},42000,12/21/1995 0:00,S,N,F,NEWCASTLE UPON TYNE,NEWCASTLE UPON TYNE,TYNE AND WEAR,A,A
{20E2441A-0F16-49AB-97D4-8737E62A5D93},95000,3/3/1995 0:00,S,N,F,GRAYS,THURROCK,THURROCK,A,A
{D893EE64-4464-44B5-B01B-8E62403ED83C},74950,10/3/1995 0:00,D,Y,F,MIDDLEWICH,CONGLETON,CHESHIRE,A,A
{F9F753A8-E56A-4ECC-9927-8E626A471A92},43500,11/14/1995 0:00,S,N,F,BILLINGHAM,STOCKTON-ON-TEES,STOCKTON-ON-TEES,A,A
{E166398A-A19E-470E-BB5A-83B4C254CF6D},63000,9/8/1995 0:00,S,N,F,CLEATOR MOOR,COPELAND,CUMBRIA,A,A
{A9A3C463-3CA0-4D71-8CF9-83B4D0536EEA},29995,5/12/1995 0:00,S,N,F,WISBECH,KING'S LYNN AND WEST NORFOLK,NORFOLK,A,A
{8DE57D57-DDC3-4993-8C33-83B4E5BAA543},105000,11/30/1995 0:00,D,N,F,SHEFFIELD,SHEFFIELD,SOUTH YORKSHIRE,A,A
{568DE11A-432B-4DA3-B9A4-83B4EC4BD127},121250,5/19/1995 0:00,F,N,L,LONDON,BARNET,GREATER LONDON,A,A
{F7A5CAE4-BDD3-4911-897C-8AC393B97281},43000,12/1/1995 0:00,T,N,F,CARNFORTH,CRAVEN,NORTH YORKSHIRE,A,A
{DED4E551-6B96-40FB-98E9-8AC3B9071356},128500,3/1/1995 0:00,T,N,F,LONDON,WANDSWORTH,GREATER LONDON,A,A
{84CE6A8C-3D0F-47F8-8442-8E62807A726D},33000,11/3/1995 0:00,S,N,F,COVENTRY,COVENTRY,WEST MIDLANDS,A,A
{F5F9C3FD-8684-4D4E-B5B8-8E629F77474C},77500,5/19/1995 0:00,D,N,F,YEOVIL,SOUTH SOMERSET,SOMERSET,A,A
{D263B73F-7C3A-4062-A432-83B51327C389},59995,7/21/1995 0:00,T,N,F,SLOUGH,SLOUGH,SLOUGH,A,A
{C5FF7611-A5A8-449D-A78A-83B513500DD7},115950,3/24/1995 0:00,D,Y,F,BRACKNELL,BRACKNELL FOREST,BRACKNELL FOREST,A,A
{70D9ADE8-D76A-47CD-874D-83B5151C19ED},26350,11/24/1995 0:00,T,N,F,DONCASTER,DONCASTER,SOUTH YORKSHIRE,A,A
{79B19868-18CF-4AFD-9660-83B535502A0C},27500,5/19/1995 0:00,T,N,F,COVENTRY,COVENTRY,WEST MIDLANDS,A,A
{8A5F7A96-0865-46E3-B3D9-91F47C16313A},157500,3/17/1995 0:00,S,N,F,LONDON,ISLINGTON,GREATER LONDON,A,A
{60CF8CE4-7269-4F41-9062-91F4932AC4A2},110995,11/9/1995 0:00,F,Y,L,LONDON,LAMBETH,GREATER LONDON,A,A
{C03038E8-1504-4249-BDF9-91F4A24C8E35},34000,8/18/1995 0:00,F,N,L,THORNTON-CLEVELEYS,WYRE,LANCASHIRE,A,A
{95F22B84-A5E2-456C-9340-8737EB37D141},39500,2/10/1995 0:00,S,N,F,PUDSEY,LEEDS,WEST YORKSHIRE,A,A
{3769C849-73ED-4BE8-A22D-87381AF1C293},48500,8/1/1995 0:00,F,N,L,FELIXSTOWE,SUFFOLK COASTAL,SUFFOLK,A,A
{4BEC9D35-FE45-46E7-A792-87381D0D641D},23250,7/21/1995 0:00,T,N,F,BARRY,VALE OF GLAMORGAN,SOUTH GLAMORGAN,A,A
{AA71606E-1475-4145-8AC5-873828E32914},66000,3/24/1995 0:00,S,N,F,SCARBOROUGH,SCARBOROUGH,NORTH YORKSHIRE,A,A
{03F24297-4981-457A-B128-8E62B91063DC},95000,11/17/1995 0:00,S,Y,F,PETERSFIELD,WINCHESTER,HAMPSHIRE,A,A
{187BB53D-F6EA-4D06-B773-8E62BDBD727B},112500,3/24/1995 0:00,D,N,F,WESTON-SUPER-MARE,WOODSPRING,AVON,A,A
{9721939A-CD0C-4994-A810-8E62BDFE42A2},36500,6/30/1995 0:00,T,N,F,STOKE-ON-TRENT,STAFFORDSHIRE MOORLANDS,STAFFORDSHIRE,A,A
{93F01E61-FAC3-48D6-8A23-8E62DF6C15A3},57600,5/24/1995 0:00,S,N,F,LIVERPOOL,SEFTON,MERSEYSIDE,A,A
{0611A7D6-9C8F-40BC-BC7C-83B568B558AC},47995,1/31/1995 0:00,T,Y,F,BARRY,VALE OF GLAMORGAN,SOUTH GLAMORGAN,A,A
{1360C8ED-3236-4F98-8B92-83B5732FC11B},55500,10/27/1995 0:00,S,N,F,PENZANCE,PENWITH,CORNWALL,A,A
{D28EDCFC-0F17-48D9-A03D-91F4CC28FB41},38500,7/28/1995 0:00,S,Y,F,BUCKLEY,ALYN AND DEESIDE,CLWYD,A,A
{9FE1BC51-ED7D-42EF-A702-8AC3DB701917},70000,5/12/1995 0:00,T,N,F,HARROGATE,HARROGATE,NORTH YORKSHIRE,A,A
{625D11E2-4EC8-4F4E-8461-8AC3E9E52FD4},65000,11/7/1995 0:00,S,N,F,LEIGH-ON-SEA,SOUTHEND-ON-SEA,SOUTHEND-ON-SEA,A,A
{B9B8940D-CC04-4B52-AFD5-873834A39391},45000,10/13/1995 0:00,S,N,F,COTTINGHAM,THE EAST YORKSHIRE BOROUGH OF BEVERLEY,HUMBERSIDE,A,A
{2D95D765-C921-4660-A97C-87383B7F9C88},39000,5/19/1995 0:00,F,N,L,LITTLEHAMPTON,ARUN,WEST SUSSEX,A,A
{969592B0-5CBA-4E9B-AD77-87385A317EFB},67000,3/17/1995 0:00,S,N,F,STOURBRIDGE,DUDLEY,WEST MIDLANDS,A,A
{00067C19-4FD9-49F3-B1F1-8738623D92E3},27000,4/20/1995 0:00,F,N,L,BEVERLEY,THE EAST YORKSHIRE BOROUGH OF BEVERLEY,HUMBERSIDE,A,A
{4FFBEFCC-63F8-46A4-B245-8E62FA58BCEB},100700,10/23/1995 0:00,D,N,F,LEAMINGTON SPA,WARWICK,WARWICKSHIRE,A,A
{E9BF7CC1-7EA0-45A8-BF43-8E6311DFF5C6},41000,10/20/1995 0:00,D,N,F,NEWTON-LE-WILLOWS,ST HELENS,MERSEYSIDE,A,A
{8D28EE68-8F4F-4C7D-8A33-8E6335277383},180000,11/16/1995 0:00,F,N,L,LONDON,CITY OF WESTMINSTER,GREATER LONDON,A,A
{3DEDA117-E316-4349-B882-83B58B659205},63500,4/20/1995 0:00,S,N,F,NORTHAMPTON,DAVENTRY,NORTHAMPTONSHIRE,A,A
{29C65FE4-D591-4A9A-B961-83B59472A8B9},116750,6/30/1995 0:00,D,Y,F,WARRINGTON,WARRINGTON,WARRINGTON,A,A
{2E9A814C-34A0-48CC-8A8A-83B599E24B2A},62800,6/30/1995 0:00,S,N,F,BURGESS HILL,MID SUSSEX,WEST SUSSEX,A,A
{A7ADDF28-655C-4A5F-8E60-83B59B7DF2FB},59500,2/7/1995 0:00,T,N,F,ALTON,EAST HAMPSHIRE,HAMPSHIRE,A,A
{F61B3F08-4187-4204-A023-91F508C4A365},69950,6/30/1995 0:00,D,Y,F,TELFORD,THE WREKIN,SHROPSHIRE,A,A
{E76CCDAE-3A80-434F-99C3-91F5106F74E3},35200,6/9/1995 0:00,F,N,L,BALDOCK,NORTH HERTFORDSHIRE,HERTFORDSHIRE,A,A
{70CFEE2A-64F1-4FA8-AF97-87386F579574},31000,5/12/1995 0:00,F,N,L,DUNSTABLE,SOUTH BEDFORDSHIRE,BEDFORDSHIRE,A,A
{C4523837-9746-488B-8CCF-83B5C7C0B271},142000,1/27/1995 0:00,D,N,F,NEWBURY,NEWBURY,BERKSHIRE,A,A
{C2FF025C-9092-4B8C-9C3C-83B5E6F2C219},26500,3/6/1995 0:00,T,N,F,CHARD,SOUTH SOMERSET,SOMERSET,A,A
{3077B721-0889-4324-AD10-83B5FB5E488F},61500,4/18/1995 0:00,S,Y,L,WILMSLOW,MACCLESFIELD,CHESHIRE,A,A
{7F5EA220-E2DC-46E0-80EF-83B601ABFD78},59999,1/31/1995 0:00,S,N,F,DIDCOT,SOUTH OXFORDSHIRE,OXFORDSHIRE,A,A
{EE986F49-417E-4DA6-AD24-83B603B553FA},69950,6/27/1995 0:00,S,N,F,SOUTHAMPTON,TEST VALLEY,HAMPSHIRE,A,A
{3A2C1686-03CE-434B-86A9-83B60657A3F0},23950,5/26/1995 0:00,T,N,F,GRANTHAM,SOUTH KESTEVEN,LINCOLNSHIRE,A,A
{7CC0B4E4-8D33-4ED7-AA63-91F54B7A70D3},48500,10/20/1995 0:00,S,N,F,NEWMARKET,ST EDMUNDSBURY,SUFFOLK,A,A
{0D6A6A93-DB0C-4834-ACBE-91F550E31A7C},43500,7/7/1995 0:00,T,Y,F,NORTHAMPTON,NORTHAMPTON,NORTHAMPTONSHIRE,A,A
{1110C2A2-CFCC-46EC-9292-8AC4427B9292},48000,2/20/1995 0:00,F,N,L,MIDHURST,CHICHESTER,WEST SUSSEX,A,A
{B8318745-E2FD-44EF-B545-8AC44AAE121B},64950,8/4/1995 0:00,D,N,F,BRIERLEY HILL,DUDLEY,WEST MIDLANDS,A,A
{8B08088C-5E4B-40A6-9361-8AC46012F5B1},124500,4/11/1995 0:00,S,N,F,UXBRIDGE,HILLINGDON,GREATER LONDON,A,A
{AC367278-4C55-4C0A-906F-8AC466B017C0},48950,2/3/1995 0:00,T,N,F,BIRMINGHAM,BIRMINGHAM,WEST MIDLANDS,A,A
{B88D58C5-4E20-4B18-96B9-8738B69FD4F0},147000,11/29/1995 0:00,S,N,F,DOVER,DOVER,KENT,A,A
{457827BB-15B9-4B84-BFFE-8738D8B5780F},64000,9/1/1995 0:00,T,N,F,YEOVIL,SOUTH SOMERSET,SOMERSET,A,A
{05A1880B-83F8-44E5-8222-8E637D6AA0B9},59000,6/21/1995 0:00,S,N,F,BURGESS HILL,MID SUSSEX,WEST SUSSEX,A,A
{F694BEC4-5DC1-4C08-9DB4-8E638D521D7D},57000,1/27/1995 0:00,S,N,F,LEICESTER,BLABY,LEICESTERSHIRE,A,A
{8CB7F04C-B402-4AB0-AC13-8E6392ACFBD9},26500,2/20/1995 0:00,T,N,F,SHEFFIELD,SHEFFIELD,SOUTH YORKSHIRE,A,A
{804F8E03-951F-495E-A172-8E639F541C5F},136000,11/28/1995 0:00,S,N,F,OXTED,TANDRIDGE,SURREY,A,A
{064AFAC5-9F97-4646-82F8-8E63A8FA120A},62000,5/3/1995 0:00,S,N,F,OXFORD,OXFORD,OXFORDSHIRE,A,A
{F5ACA0FF-58E3-47D9-9967-8E63AA6EAB43},52000,3/31/1995 0:00,S,N,F,PORTHCAWL,OGWR,MID GLAMORGAN,A,A
{BC142EB1-2E89-4F48-9BBC-83B61237EF94},77000,3/23/1995 0:00,D,Y,F,HEREFORD,SOUTH HEREFORDSHIRE,HEREFORD AND WORCESTER,A,A
{5F8F69D0-70CA-45E8-8EA2-83B62CEABEA7},88000,11/15/1995 0:00,T,N,F,SEVENOAKS,SEVENOAKS,KENT,A,A
{5AC92E8F-F3FF-431D-9A21-83B62E0D1CAE},58000,6/9/1995 0:00,S,N,F,CHELMSFORD,CHELMSFORD,ESSEX,A,A
{5B930ACF-A3EE-4B2B-9F23-83B633900CF1},46000,7/7/1995 0:00,T,N,F,COLCHESTER,COLCHESTER,ESSEX,A,A
{9CA1CC9A-4549-4F2A-A6EF-91F5739BDA3E},90000,9/22/1995 0:00,T,N,F,LONDON,BARNET,GREATER LONDON,A,A
{D62C5CBD-213D-4A5C-B1A5-91F5951CD5C8},30000,5/23/1995 0:00,S,N,F,COLCHESTER,COLCHESTER,ESSEX,A,A
{CA29A6E4-6129-4AAA-97A9-91F5A2292574},81000,6/8/1995 0:00,S,N,F,WALLASEY,WIRRAL,MERSEYSIDE,A,A
{C1EF2944-FE3F-4BB4-B4FD-8AC483333F6F},46500,1/17/1995 0:00,T,N,F,BRISTOL,BRISTOL,AVON,A,A
{46BDFA58-993E-467B-9CD4-8AC49B8162DB},51500,6/30/1995 0:00,T,N,F,MANCHESTER,MANCHESTER,GREATER MANCHESTER,A,A
{5D4952FA-5C76-405F-8F82-8738E6E28A4E},54000,12/20/1995 0:00,T,N,F,BUCKINGHAM,AYLESBURY VALE,BUCKINGHAMSHIRE,A,A
{7A5D39D9-8228-4B65-BBFF-8738EEFFCAD3},60000,1/20/1995 0:00,S,N,F,FARNBOROUGH,RUSHMOOR,HAMPSHIRE,A,A
{57504629-68A0-4C97-9846-8738FC2B0DAA},69500,6/2/1995 0:00,D,N,F,FELIXSTOWE,SUFFOLK COASTAL,SUFFOLK,A,A
{E51EF2B3-AC84-44FA-A240-8738FE0F6402},145000,8/1/1995 0:00,S,N,F,LONDON,HAMMERSMITH AND FULHAM,GREATER LONDON,A,A
{8507E664-CE67-4498-9D77-8739079409F8},35000,2/16/1995 0:00,T,N,F,LIVERPOOL,LIVERPOOL,MERSEYSIDE,A,A
{CF526927-430C-44B8-84B0-8E63B816B9B9},75000,9/22/1995 0:00,S,N,F,BRENTWOOD,BRENTWOOD,ESSEX,A,A
{0099EDA5-5674-49D7-B7FC-8E63D22B01E3},27000,6/5/1995 0:00,D,Y,F,COLWYN BAY,CONWY,CONWY,A,A
{45FCA755-5CD4-48B2-A6FD-8E63D3FAC0FE},46500,6/16/1995 0:00,D,N,F,NEWPORT,NEWPORT,NEWPORT,A,A
{046F8C93-44B4-4445-A9BA-8E63D908F979},34500,5/26/1995 0:00,S,N,F,LINCOLN,LINCOLN,LINCOLNSHIRE,A,A
{640AB9E0-69E1-4E31-B525-8E63EC719300},49000,11/9/1995 0:00,S,N,F,HEREFORD,SOUTH HEREFORDSHIRE,HEREFORD AND WORCESTER,A,A
{7150138D-622A-4904-AA3D-83B6589DDBE7},143000,6/30/1995 0:00,F,N,L,LONDON,HAMMERSMITH AND FULHAM,GREATER LONDON,A,A
{613256AB-DC5E-4304-BCDB-83B66FAE372A},47000,4/28/1995 0:00,T,N,L,BOREHAMWOOD,HERTSMERE,HERTFORDSHIRE,A,A
{E55377F2-21CF-4DBC-A6DD-83B6710D4A04},59950,6/15/1995 0:00,T,N,F,SUTTON COLDFIELD,BIRMINGHAM,WEST MIDLANDS,A,A
{FEDA6BED-E256-425F-9733-83B68836289D},40000,6/30/1995 0:00,F,N,L,ADDLESTONE,RUNNYMEDE,SURREY,A,A
{D7BB9D6E-48B1-4B52-B18B-91F5D74F83C7},37100,9/8/1995 0:00,F,N,L,NEWCASTLE UPON TYNE,NORTH TYNESIDE,TYNE AND WEAR,A,A
{F7FFE6FB-48D3-4629-8C29-8AC4CDF1A6F0},59000,3/17/1995 0:00,S,N,F,NUNEATON,NUNEATON AND BEDWORTH,WARWICKSHIRE,A,A
{88129CFC-49E4-4632-8763-8AC4D2812A55},137500,3/29/1995 0:00,D,N,F,LOUGHBOROUGH,CHARNWOOD,LEICESTERSHIRE,A,A
{B07FDFED-3E8D-4BAF-A933-8739608D7590},60000,12/18/1995 0:00,S,N,F,CARSHALTON,SUTTON,GREATER LONDON,A,A
{C675A9E1-4766-4C07-92CD-8E6407C0F74C},65000,2/21/1995 0:00,S,N,F,LONDON,HACKNEY,GREATER LONDON,A,A
{1E48750F-1E05-47A5-90D1-8E64211D97A6},87500,1/20/1995 0:00,F,Y,L,LONDON,HAMMERSMITH AND FULHAM,GREATER LONDON,A,A
{11628477-0E78-44C4-AFC2-8E642989101A},55500,4/26/1995 0:00,D,N,F,BRACKLEY,SOUTH NORTHAMPTONSHIRE,NORTHAMPTONSHIRE,A,A
{98E7C2BE-1F0F-485F-B253-1E4101F4871F},22500,11/29/1995 0:00,D,N,F,MANCHESTER,MANCHESTER,GREATER MANCHESTER,A,A
{0E67C43D-29A3-4EA2-B52B-1E41299744C9},86750,8/18/1995 0:00,T,N,F,ALTRINCHAM,TRAFFORD,GREATER MANCHESTER,A,A
{008B0E14-896F-407E-98EC-171BBA75A5A6},63200,5/4/1995 0:00,D,Y,F,HUNTINGDON,HUNTINGDONSHIRE,CAMBRIDGESHIRE,A,A
{4BCAA2AC-55A9-43C5-9FA0-171BC48CE3D3},68000,6/2/1995 0:00,T,N,L,SHEFFIELD,SHEFFIELD,SOUTH YORKSHIRE,A,A
{C428ABAE-D098-4878-8D7C-171BCD605D28},35500,10/6/1995 0:00,T,N,L,MANCHESTER,SALFORD,GREATER MANCHESTER,A,A
{21166350-17C8-46C1-87F4-25676FE1A475},20500,12/22/1995 0:00,T,N,F,BRADFORD,BRADFORD,WEST YORKSHIRE,A,A
{7A918359-1148-4B55-8764-25679B4985F0},51000,5/12/1995 0:00,D,N,F,LEICESTER,HARBOROUGH,LEICESTERSHIRE,A,A
{45AB5C06-B9B7-4F91-B1C6-1AB2E53FD2AB},25000,1/12/1995 0:00,S,N,L,GLOSSOP,HIGH PEAK,DERBYSHIRE,A,A
{5635F50B-ABFA-4AB2-8FCD-1AB2E6958BAE},81000,8/1/1995 0:00,F,N,L,LONDON,WANDSWORTH,GREATER LONDON,A,A
{CA6AA168-F43F-465E-A92A-1AB2F2764758},44000,10/18/1995 0:00,S,N,F,SUDBURY,BABERGH,SUFFOLK,A,A
{5B74DF3B-A45D-4B04-82C3-1AB2FB876AF6},88500,11/27/1995 0:00,S,N,F,SOUTH CROYDON,CROYDON,GREATER LONDON,A,A
{99AD46F0-7774-4AC0-ADEF-1AB3250FF7FE},52995,2/20/1995 0:00,T,N,F,BENFLEET,CASTLE POINT,ESSEX,A,A
{AB49DA76-BE22-4E42-86F0-21D26A915B22},23500,1/25/1995 0:00,D,N,F,LEIGH-ON-SEA,SOUTHEND-ON-SEA,SOUTHEND-ON-SEA,A,A
{0546526D-3E2A-4EF8-97F9-21D272C8CE43},40500,5/12/1995 0:00,S,N,L,HUDDERSFIELD,KIRKLEES,WEST YORKSHIRE,A,A
{AD7D6375-CEEA-48AE-A6AA-21D29D02F525},127500,1/27/1995 0:00,D,Y,F,READING,WOKINGHAM,WOKINGHAM,A,A
{1CF84E0A-6D03-4591-8EEC-1E41417152EE},56000,2/10/1995 0:00,S,N,F,ROMSEY,TEST VALLEY,HAMPSHIRE,A,A
{9A54F51D-BEF5-451C-B45E-1E41458672CF},30350,2/28/1995 0:00,T,N,L,OLDHAM,OLDHAM,GREATER MANCHESTER,A,A
{DD3E4523-B1C1-4817-B9C6-1E4157F20C4D},45500,5/16/1995 0:00,T,N,F,HEMEL HEMPSTEAD,DACORUM,HERTFORDSHIRE,A,A
{43A99DD8-8301-4F86-B215-171C0B85F93F},37000,8/11/1995 0:00,S,N,F,WIGAN,WIGAN,GREATER MANCHESTER,A,A
{C4745717-0D5C-4925-81FF-171C14C8CB59},37500,5/16/1995 0:00,S,N,F,COLWYN BAY,COLWYN,CLWYD,A,A
{4FD987C0-0125-4026-9C8C-1AB32B422632},235000,12/19/1995 0:00,S,N,F,LONDON,SOUTHWARK,GREATER LONDON,A,A
{A61475B5-8200-433F-A37A-1AB34B2CA8EA},10000,12/28/1995 0:00,T,N,F,LIVERPOOL,LIVERPOOL,MERSEYSIDE,A,A
{4E52219F-2C6D-4499-A0B2-1AB356FFBABD},52000,11/21/1995 0:00,S,N,F,MANCHESTER,MANCHESTER,GREATER MANCHESTER,A,A
{92D6DDBC-329C-47DD-BF05-1E417E9423BE},15000,3/21/1995 0:00,F,N,L,WALTON ON THE NAZE,TENDRING,ESSEX,A,A
{0A03A0D4-E418-4B9D-A285-1E418F092BFB},18000,5/12/1995 0:00,T,N,F,EBBW VALE,BLAENAU GWENT,BLAENAU GWENT,A,A
{7322317F-6877-4A49-B8FB-171C2C923C39},49000,9/29/1995 0:00,T,N,F,SOUTHSEA,PORTSMOUTH,PORTSMOUTH,A,A
{DBCC8951-ADBF-4091-AE95-171C5301E517},33500,8/25/1995 0:00,S,N,F,MORECAMBE,LANCASTER,LANCASHIRE,A,A
{851C727E-329A-4D48-B284-2567EA7B5C0A},73000,6/30/1995 0:00,S,N,F,HORNCHURCH,HAVERING,GREATER LONDON,A,A
{5AEF80CF-CE3F-47E3-8A89-2567F27C601C},6950,1/19/1995 0:00,S,N,F,CHESTERFIELD,NORTH EAST DERBYSHIRE,DERBYSHIRE,A,A
{31D8C561-340C-4747-A3BB-2567F42DEBBE},48000,8/17/1995 0:00,T,N,F,AYLESFORD,TONBRIDGE AND MALLING,KENT,A,A
{536AF3DE-1AE1-4097-9AEE-2567F791190E},85000,1/19/1995 0:00,D,Y,F,HEREFORD,SOUTH HEREFORDSHIRE,HEREFORD AND WORCESTER,A,A
{AADD7228-C9F7-4609-B9D1-256802B7FBE3},46500,8/22/1995 0:00,T,N,F,KEIGHLEY,BRADFORD,WEST YORKSHIRE,A,A
{22B2DE40-955D-4A11-BA43-25680910A558},56950,8/9/1995 0:00,S,N,F,GRIMSBY,GREAT GRIMSBY,HUMBERSIDE,A,A
{227EC879-6FE4-4C60-A190-25680A311D92},72500,11/17/1995 0:00,S,N,F,MAIDSTONE,MAIDSTONE,KENT,A,A
{A7277EF9-0742-45E1-A91B-256812EBCC9E},49950,2/10/1995 0:00,S,N,F,HALIFAX,CALDERDALE,WEST YORKSHIRE,A,A
{8AC763E4-FE8C-49D5-9244-2568193CE430},53750,10/27/1995 0:00,S,N,F,BILLINGHAM,STOCKTON-ON-TEES,STOCKTON-ON-TEES,A,A
{DF59BC8E-1994-406D-A823-1AB376D32E88},44500,2/17/1995 0:00,T,N,F,BARRY,VALE OF GLAMORGAN,SOUTH GLAMORGAN,A,A
{28B7C96C-1AF1-47B4-ACD2-1AB37CC6DF96},46950,6/30/1995 0:00,T,Y,L,LEICESTER,LEICESTER,LEICESTER,A,A
{DAAA8BB4-C5CB-460C-A57C-21D2FB310DF8},79000,10/3/1995 0:00,S,N,F,CAMBRIDGE,SOUTH CAMBRIDGESHIRE,CAMBRIDGESHIRE,A,A
{FA880B46-749C-4B4A-BADC-21D30108B5AF},46500,8/4/1995 0:00,S,N,F,BRIDGEND,OGWR,MID GLAMORGAN,A,A
{D58965F8-40D7-4A7A-BE54-1E41D0F8A448},54995,2/4/1995 0:00,F,Y,L,GRAYS,THURROCK,THURROCK,A,A
{30C44F8E-0778-4A88-9AA2-1E41D2DE563E},40500,1/27/1995 0:00,S,N,F,BARNSLEY,BARNSLEY,SOUTH YORKSHIRE,A,A
{648332DD-30F1-49B8-BE5C-1E41D4B8CC10},23000,6/14/1995 0:00,F,N,L,HOVE,HOVE,EAST SUSSEX,A,A
{63849EBA-A425-4928-8B14-1E41DB4A05DB},36000,11/30/1995 0:00,T,N,F,CAERPHILLY,RHYMNEY VALLEY,MID GLAMORGAN,A,A
{F34A75F8-8B20-44D4-8D11-1E41E08EB2C1},55500,7/7/1995 0:00,T,N,F,BARKING,BARKING AND DAGENHAM,GREATER LONDON,A,A
{20D7A610-DA85-42BC-BAE2-171C7F8A2AED},122000,7/25/1995 0:00,D,N,F,BOGNOR REGIS,ARUN,WEST SUSSEX,A,A
{60BDC22A-0959-43D5-BC85-171C87F8CCBA},110000,3/24/1995 0:00,D,Y,F,MAIDSTONE,MAIDSTONE,KENT,A,A
{5C8D6076-A0A2-4BE2-8E96-171C8E157CCE},87500,12/18/1995 0:00,D,N,F,MAIDSTONE,MAIDSTONE,KENT,A,A
{190B1E9B-6639-430E-9EC0-171C96E46485},85000,4/7/1995 0:00,D,N,F,LITTLEHAMPTON,ARUN,WEST SUSSEX,A,A
{B47D6E95-5AD9-4186-A07E-171CA0D0350D},41000,8/11/1995 0:00,T,N,F,IPSWICH,IPSWICH,SUFFOLK,A,A
{B9D254E9-F310-4EFF-BED2-171CACB34465},172000,2/17/1995 0:00,D,N,F,AYLESBURY,AYLESBURY VALE,BUCKINGHAMSHIRE,A,A
{F0D0A3AA-B0BE-403D-A07D-25682D8FB9C2},59000,4/6/1995 0:00,S,N,F,TORQUAY,TORBAY,TORBAY,A,A
{DB9ED803-E06E-4420-A4B3-25682FD4D71E},14000,9/8/1995 0:00,F,N,L,BOGNOR REGIS,ARUN,WEST SUSSEX,A,A
{13CC2E41-656C-4666-AD2E-25685F0BD230},312000,11/29/1995 0:00,D,N,F,DUNSTABLE,SOUTH BEDFORDSHIRE,BEDFORDSHIRE,A,A
{4792A4C6-417D-4A39-8ED8-1AB3B2817687},59950,4/28/1995 0:00,F,Y,L,CAMBERLEY,SURREY HEATH,SURREY,A,A
{8158F135-3C6A-4C6F-8D3D-1AB3EC3016CC},70000,1/13/1995 0:00,F,Y,L,LONDON,TOWER HAMLETS,GREATER LONDON,A,A
{8EF7CA0C-3921-48D1-B734-21D32B00A29D},36000,7/28/1995 0:00,S,N,F,LOWESTOFT,WAVENEY,SUFFOLK,A,A
{6ED3E33E-3BD7-4620-8597-21D337BF81F1},59750,6/30/1995 0:00,D,Y,L,WIGAN,WIGAN,GREATER MANCHESTER,A,A
{6B41A679-B377-4F6E-A0DA-21D36E11B5DE},145000,2/22/1995 0:00,D,N,F,READING,NEWBURY,BERKSHIRE,A,A
{02A12AAD-7841-4C62-836B-1E42091885AD},59000,10/24/1995 0:00,S,N,L,CHORLEY,CHORLEY,LANCASHIRE,A,A
{5CB9F45F-E210-4F17-ABB2-171CCA69143E},45000,8/11/1995 0:00,T,N,F,HOLMFIRTH,KIRKLEES,WEST YORKSHIRE,A,A
{7DDC7AFF-5016-493A-85D7-171CCBB390A0},63000,2/27/1995 0:00,S,N,F,TELFORD,THE WREKIN,SHROPSHIRE,A,A
{B06956F3-4A9A-4C11-B59F-171CCF05F4E2},140995,12/3/1995 0:00,D,Y,F,MALDON,MALDON,ESSEX,A,A
{3423A7EB-57E2-4C22-A755-25687BE0426A},48000,4/28/1995 0:00,T,N,F,SOUTHAMPTON,EASTLEIGH,HAMPSHIRE,A,A
{D7A776AD-87F6-4F65-A824-2568977013D7},39000,12/22/1995 0:00,D,N,F,HAYLE,PENWITH,CORNWALL,A,A
{7084DA04-5B97-4CB4-A0AF-1AB3F8940D9D},150000,4/6/1995 0:00,D,N,F,LUTTERWORTH,HARBOROUGH,LEICESTERSHIRE,A,A
{C83A1EE9-7788-4AFD-BA5D-1AB3F8D215AA},55000,12/1/1995 0:00,S,N,F,STOCKPORT,STOCKPORT,GREATER MANCHESTER,A,A
{1BC95370-A366-4332-B20A-1AB410B53F9D},49250,10/11/1995 0:00,T,N,F,NEWBURY,NEWBURY,BERKSHIRE,A,A
{185DC890-5470-40D0-A440-1AB4130A252C},44000,9/29/1995 0:00,S,N,F,HALESOWEN,DUDLEY,WEST MIDLANDS,A,A
{844575D6-DC04-46C6-B844-1AB4182AD604},135500,7/4/1995 0:00,S,N,F,WELWYN GARDEN CITY,WELWYN HATFIELD,HERTFORDSHIRE,A,A
{0A2DF525-2346-45D1-970D-1AB421E52116},15000,6/13/1995 0:00,T,N,L,MANCHESTER,MANCHESTER,GREATER MANCHESTER,A,A
{911A0899-AF6D-4F4F-B4CE-21D39523E14A},275000,11/27/1995 0:00,D,N,F,WEYBRIDGE,ELMBRIDGE,SURREY,A,A
{FCE80B17-29B2-4540-9CCF-1E424FD45F27},44475,3/17/1995 0:00,S,Y,L,LIVERPOOL,LIVERPOOL,MERSEYSIDE,A,A
{F7920B48-E0A6-466B-B129-1E426CEF0545},29950,8/30/1995 0:00,T,N,F,WASHINGTON,SUNDERLAND,TYNE AND WEAR,A,A
{DE5777DE-40A4-458A-8311-171CF624BD18},18000,7/28/1995 0:00,F,N,L,BLYTH,BLYTH VALLEY,NORTHUMBERLAND,A,A
{721DB3E5-AE20-409D-B829-171D1FB13300},55950,1/8/1995 0:00,F,N,L,MITCHAM,MERTON,GREATER LONDON,A,A
{2E93FB1E-F152-4B9B-946B-171D256646D4},15000,8/18/1995 0:00,T,N,F,MANSFIELD,MANSFIELD,NOTTINGHAMSHIRE,A,A
{1FD05D87-4DEA-4C25-83A8-2568AA68F5EF},206950,11/28/1995 0:00,F,Y,L,LONDON,CITY OF WESTMINSTER,GREATER LONDON,A,A
{53A03466-276D-4D5E-B965-2568C1CFB759},25500,9/22/1995 0:00,T,N,F,HINCKLEY,HINCKLEY AND BOSWORTH,LEICESTERSHIRE,A,A
{B9B79D21-A057-4D38-B58A-2568D1B3FA21},33000,12/1/1995 0:00,T,N,L,BLACKBURN,BLACKBURN,LANCASHIRE,A,A
{CBF653BF-646B-4AA0-A64A-2568D7914145},35000,11/1/1995 0:00,S,N,F,LLANDUDNO JUNCTION,ABERCONWY,GWYNEDD,A,A
{BCACCF15-F961-4C34-BEE5-1AB42EDD1382},86850,11/27/1995 0:00,T,N,F,WORCESTER PARK,SUTTON,GREATER LONDON,A,A
{9369B43E-950F-4873-881E-1AB45FDB73A3},59850,8/4/1995 0:00,F,N,L,GUILDFORD,GUILDFORD,SURREY,A,A
{2D5AE0CC-145D-4CE1-BA23-1AB46DFA3F90},30000,4/7/1995 0:00,T,N,F,NOTTINGHAM,NOTTINGHAM,NOTTINGHAMSHIRE,A,A
{B66272D3-21E8-48E8-8CE9-21D3D236A350},153000,6/30/1995 0:00,D,N,L,STOCKPORT,STOCKPORT,GREATER MANCHESTER,A,A
{DECF33C9-2CB5-422E-A74B-1E42A39F21B1},85000,6/29/1995 0:00,S,N,F,SIDCUP,BEXLEY,GREATER LONDON,A,A
{EA21EC53-9E18-40D3-88F5-1E42A4977A1B},65500,4/28/1995 0:00,D,N,F,OAKHAM,RUTLAND,RUTLAND,A,A
{BF56E16E-CE74-4CC6-B604-171D33258AA4},28500,8/4/1995 0:00,F,N,L,BIRMINGHAM,BIRMINGHAM,WEST MIDLANDS,A,A
{72044A1D-50B9-42C2-9506-171D56A5FCA1},95000,11/17/1995 0:00,S,N,F,HITCHIN,NORTH HERTFORDSHIRE,HERTFORDSHIRE,A,A
{CEBE520D-C278-4DAF-8A51-171D5E367EB2},52000,1/10/1995 0:00,S,N,F,CHESTER,CHESTER,CHESHIRE,A,A
{5972A358-F354-44D8-ADE6-171D6D38E613},83000,11/10/1995 0:00,S,N,F,ALDERSHOT,GUILDFORD,SURREY,A,A
{772E07E1-B0A3-45F6-A523-171D6D98DA61},70000,9/29/1995 0:00,S,N,F,CARTERTON,WEST OXFORDSHIRE,OXFORDSHIRE,A,A
{D8967518-C8C8-433B-AA36-21D404848FB0},57500,12/8/1995 0:00,S,N,F,ALTRINCHAM,TRAFFORD,GREATER MANCHESTER,A,A
{E4EEE114-ED1A-4EB8-9625-21D4085064CA},38500,10/30/1995 0:00,S,N,F,SHREWSBURY,NORTH SHROPSHIRE,SHROPSHIRE,A,A
{751E174E-E29E-4584-A6CD-21D40CF31095},29995,6/16/1995 0:00,S,N,F,DERBY,DERBY,DERBYSHIRE,A,A
{E297FBE6-F0C6-42D4-B32D-21D41297627D},21500,3/28/1995 0:00,T,N,F,SWANSEA,SWANSEA,SWANSEA,A,A
{72E95907-D811-4D98-BA77-21D419279737},78500,4/28/1995 0:00,D,N,F,CALDICOT,MONMOUTH,GWENT,A,A
{C806A114-B768-4F06-ACDA-5545703EC20A},65000,2/23/1995 0:00,D,N,F,HOLMROOK,COPELAND,CUMBRIA,A,A
{00DCD668-6E34-4A5D-B0B0-58B82FF43750},30000,11/24/1995 0:00,T,N,F,MIDDLESBROUGH,MIDDLESBROUGH,MIDDLESBROUGH,A,A
{64DFAAB9-6675-47F4-9509-58B854AFCE7B},70000,2/13/1995 0:00,D,Y,F,DARLINGTON,DARLINGTON,DARLINGTON,A,A
{97A681C5-0E72-42BD-83EA-5192A038B4CD},52000,3/31/1995 0:00,S,N,F,HARWICH,TENDRING,ESSEX,A,A
{2FF14374-AAE7-4E66-B88D-5192B44A7B35},24000,3/10/1995 0:00,T,N,F,LIVERPOOL,LIVERPOOL,MERSEYSIDE,A,A
{2EF3A6D0-C1F0-4C12-AA89-4E10594075E0},51000,11/24/1995 0:00,S,N,F,LEICESTER,LEICESTER,LEICESTER,A,A
{AE1A88CD-50F0-4568-B570-4E106EBDD60F},79000,4/21/1995 0:00,D,Y,F,SUTTON COLDFIELD,BIRMINGHAM,WEST MIDLANDS,A,A
{240C1DBC-128E-47EB-A72A-5C4EB89DD392},28000,10/23/1995 0:00,S,N,F,LEYLAND,SOUTH RIBBLE,LANCASHIRE,A,A
{4917EF49-C306-483A-A21E-5C4ECAD0392E},156000,6/8/1995 0:00,D,N,F,LONDON,WANDSWORTH,GREATER LONDON,A,A
{34A73C3C-FBA2-4996-8D34-5C4EDE6F0A40},60000,8/25/1995 0:00,T,N,F,BASINGSTOKE,BASINGSTOKE AND DEANE,HAMPSHIRE,A,A
{0EF98A27-E52D-4D30-B324-5C4EECB71BC7},53500,12/15/1995 0:00,S,N,F,LEICESTER,BLABY,LEICESTERSHIRE,A,A
{05F271F7-04AC-4D4F-B799-5C4EF32B499C},34000,12/8/1995 0:00,T,N,L,OLDHAM,OLDHAM,GREATER MANCHESTER,A,A
{F6255BDB-AD21-4A20-A1A7-5545800DFEA6},55000,8/21/1995 0:00,S,N,F,SOUTH OCKENDON,THURROCK,THURROCK,A,A
{5777FBDD-1BC4-4C78-8871-5545AA940D31},20000,6/2/1995 0:00,T,N,F,HIGHBRIDGE,SEDGEMOOR,SOMERSET,A,A
{02FBC26E-4E67-4388-A34A-58B86B0439ED},57995,5/31/1995 0:00,T,N,F,SWANLEY,SEVENOAKS,KENT,A,A
{40F7FEBB-2F18-40E7-8D8F-58B86F7BD6E1},29000,3/24/1995 0:00,S,N,L,BOLTON,BOLTON,GREATER MANCHESTER,A,A
{2F9EE0C0-32F4-4A2F-8C37-58B886025F24},75500,12/14/1995 0:00,F,N,L,LONDON,CITY OF WESTMINSTER,GREATER LONDON,A,A
{7BB7EB06-8A78-40C1-85C9-58B891B19204},137000,5/3/1995 0:00,F,Y,L,OXFORD,SOUTH OXFORDSHIRE,OXFORDSHIRE,A,A
{7C69C52A-86A4-432B-9430-5192CEC925F3},34000,10/13/1995 0:00,T,N,F,SOWERBY BRIDGE,CALDERDALE,WEST YORKSHIRE,A,A
{56B0BA96-946A-4777-AEE7-5192DA14909C},57000,7/8/1995 0:00,S,N,F,ST. IVES,HUNTINGDONSHIRE,CAMBRIDGESHIRE,A,A
{D11E2611-04DB-42E2-9445-4E10A9CF2A75},80000,4/27/1995 0:00,F,N,L,BARNET,ENFIELD,GREATER LONDON,A,A
{35E63000-9F06-4306-9C58-4E10D2A9B203},48000,3/31/1995 0:00,D,N,F,PEACEHAVEN,LEWES,EAST SUSSEX,A,A
{2DB8949C-3EDC-492F-972C-4E10D55DF0EA},67500,10/30/1995 0:00,T,N,F,WETHERBY,LEEDS,WEST YORKSHIRE,A,A
{BA3158C7-3BC5-4439-A8C0-5C4F09064A29},48950,1/23/1995 0:00,S,N,F,NORTH WALSHAM,NORTH NORFOLK,NORFOLK,A,A
{82907EA3-05CD-41EF-A781-5C4F09D4A356},39000,11/17/1995 0:00,T,N,F,SWINDON,NORTH WILTSHIRE,WILTSHIRE,A,A
{8B79B681-A8BB-4501-BD0B-5C4F1ACBD7B9},70000,4/7/1995 0:00,S,N,F,BIRMINGHAM,BIRMINGHAM,WEST MIDLANDS,A,A
{1CF67B87-388F-48B4-AFFA-5C4F1CCF5858},59000,3/23/1995 0:00,S,N,F,MARCH,FENLAND,CAMBRIDGESHIRE,A,A
{949C2CF4-0707-44F0-A0E0-5C4F228E6712},64000,10/16/1995 0:00,S,N,F,BIRMINGHAM,BIRMINGHAM,WEST MIDLANDS,A,A
{C74B82AE-CAAD-4899-A5A1-5545DF406BA9},169250,5/2/1995 0:00,T,N,F,TEDDINGTON,RICHMOND UPON THAMES,GREATER LONDON,A,A
{7D1946EB-2682-4E99-B02D-58B8A6CED287},41000,7/28/1995 0:00,S,N,F,DURHAM,DURHAM,DURHAM,A,A
{787E6B26-92FD-4F6E-B33E-51930D5E67D2},70000,7/7/1995 0:00,S,N,F,NORMANTON,WAKEFIELD,WEST YORKSHIRE,A,A
{631277EB-B337-451B-BEAA-51931547E966},52000,12/21/1995 0:00,F,N,L,LONDON,ENFIELD,GREATER LONDON,A,A
{B4327D25-8213-42CE-8751-519319C89586},140000,12/19/1995 0:00,D,N,F,LETCHWORTH GARDEN CITY,NORTH HERTFORDSHIRE,HERTFORDSHIRE,A,A
{784BA36B-D2F5-4B99-A471-4E1105484B5F},27000,9/29/1995 0:00,T,N,F,MANCHESTER,MANCHESTER,GREATER MANCHESTER,A,A
{26D6A296-3A12-423E-976C-5C4F46D4BEDF},35000,8/15/1995 0:00,T,N,F,BRADFORD,BRADFORD,WEST YORKSHIRE,A,A
{3AE33AFC-9012-4545-B6FD-5C4F66518728},258500,5/2/1995 0:00,T,N,F,RICHMOND,RICHMOND UPON THAMES,GREATER LONDON,A,A
{96013661-D8BA-42F6-95C4-5C4F69DEF227},35000,2/3/1995 0:00,T,N,F,HAVERFORDWEST,PRESELI PEMBROKESHIRE,DYFED,A,A
{ABB5AB44-46EE-4580-A005-55462FC3E6ED},41500,12/29/1995 0:00,S,N,F,LYME REGIS,WEST DORSET,DORSET,A,A
{1BA0AC0D-F842-4FBB-B6E4-58B8DB25AF56},75000,12/15/1995 0:00,D,N,F,LOOE,CARADON,CORNWALL,A,A
{615FD12A-5115-45AE-AAB3-58B8F2071723},52000,8/10/1995 0:00,S,N,F,WIMBORNE,EAST DORSET,DORSET,A,A
{A7A511C1-7795-4757-BBB0-58B9116BC3F7},84000,7/14/1995 0:00,S,N,F,POTTERS BAR,HERTSMERE,HERTFORDSHIRE,A,A
{FAE34550-1402-47E3-ABB4-51934ABEE113},69950,4/5/1995 0:00,S,Y,F,FARNBOROUGH,RUSHMOOR,HAMPSHIRE,A,A
{4429297B-50BD-45FE-A951-5193506F1DC3},75000,10/6/1995 0:00,D,N,F,LEICESTER,BLABY,LEICESTERSHIRE,A,A
{B96989EE-3236-45BE-902C-51935205EA6D},67000,10/30/1995 0:00,F,N,L,LONDON,HARINGEY,GREATER LONDON,A,A
{E7CF4175-84A1-4B48-9C52-51935D10D25A},92000,4/21/1995 0:00,S,N,F,HENFIELD,MID SUSSEX,WEST SUSSEX,A,A
{88C314ED-A5F1-4751-B06A-51936132CF19},41000,5/15/1995 0:00,D,N,F,PENZANCE,PENWITH,CORNWALL,A,A
{A9572700-880B-4A66-AC79-4E114C5E0E89},64950,12/20/1995 0:00,F,Y,L,TWICKENHAM,HOUNSLOW,GREATER LONDON,A,A
{30AFF6A3-0198-497D-8009-4E11563CAA38},68000,8/25/1995 0:00,F,N,L,GUILDFORD,GUILDFORD,SURREY,A,A
{0FD637D1-DEEF-4916-A5C5-5C4F86D28188},42500,11/30/1995 0:00,S,N,F,PONTYPRIDD,TAFF-ELY,MID GLAMORGAN,A,A
{B75E5CCD-ABFA-45F8-92C9-5C4F9EB39E93},56000,8/25/1995 0:00,F,Y,L,CRAWLEY,CRAWLEY,WEST SUSSEX,A,A
{EC565DDE-71FB-4FA0-8965-554637983F46},60000,4/13/1995 0:00,D,N,F,TIVERTON,MID DEVON,DEVON,A,A
{3168E5C2-59ED-4BC0-9826-55464F7D59AC},18750,7/5/1995 0:00,T,N,F,SMETHWICK,SANDWELL,WEST MIDLANDS,A,A
{B9D910B8-75B8-446E-B6FE-55465680276D},62000,5/5/1995 0:00,F,Y,L,HARPENDEN,ST ALBANS,HERTFORDSHIRE,A,A
{F4765BC6-1A60-4192-989B-55465EA62ADD},216000,5/1/1995 0:00,D,N,F,ARUNDEL,HORSHAM,WEST SUSSEX,A,A
{8D03A7F1-9DA1-44E6-9289-519381F5A38B},86500,4/28/1995 0:00,D,N,F,CHELTENHAM,CHELTENHAM,GLOUCESTERSHIRE,A,A
{765AF3B9-6B5C-4270-A7C9-519388239C8E},275000,8/30/1995 0:00,D,N,F,CAMBRIDGE,CAMBRIDGE,CAMBRIDGESHIRE,A,A
{6031B3D0-CD67-4D5C-A5EE-4E116D883DCD},37000,10/20/1995 0:00,S,N,F,OLDBURY,SANDWELL,WEST MIDLANDS,A,A
{0A000A59-1293-40F0-98BD-4E11873AA2B2},93750,1/30/1995 0:00,S,N,F,WEYMOUTH,WEYMOUTH AND PORTLAND,DORSET,A,A
{BBDD5D76-D9AB-43CC-B28F-5C4FC8AB96BC},35050,4/28/1995 0:00,T,N,F,BRIGHTON,BRIGHTON,EAST SUSSEX,A,A
{B009AF5E-B2E3-4ABB-926F-5C4FD228A712},82500,7/19/1995 0:00,F,Y,L,LONDON,EALING,GREATER LONDON,A,A
{323455CD-37F9-4921-848E-5C4FD778D0C7},65000,9/8/1995 0:00,D,Y,F,STOCKTON-ON-TEES,STOCKTON-ON-TEES,STOCKTON-ON-TEES,A,A
{013E23C9-986E-4845-9B64-5C4FD9B96F93},69995,9/1/1995 0:00,D,N,F,BURY ST. EDMUNDS,FOREST HEATH,SUFFOLK,A,A
{541D28C1-BFAC-4527-974C-5C4FDAE1D707},64000,10/27/1995 0:00,S,N,F,LEICESTER,OADBY AND WIGSTON,LEICESTERSHIRE,A,A
{09F94237-F986-4FD2-A602-55467A46FA35},75500,3/3/1995 0:00,D,N,F,POOLE,POOLE,POOLE,A,A
{6BFEDDDE-4887-4A6E-9CF4-5546973F961E},37500,9/22/1995 0:00,S,N,F,NORTH SHIELDS,NORTH TYNESIDE,TYNE AND WEAR,A,A
{B11E927B-F11B-4ADC-AB3E-55469F348E10},64450,12/12/1995 0:00,S,N,F,SUNDERLAND,SUNDERLAND,TYNE AND WEAR,A,A
{75C1202B-BBB1-4B08-9CC7-5546AD2ABE44},55000,9/7/1995 0:00,D,N,F,NARBERTH,PEMBROKESHIRE,PEMBROKESHIRE,A,A
{104B047D-4703-45AB-8FA7-58B989634752},87000,4/20/1995 0:00,D,Y,F,NORTHAMPTON,NORTHAMPTON,NORTHAMPTONSHIRE,A,A
{DA8DB427-C1BB-44AE-BFB7-5193E85AC5C6},35000,5/31/1995 0:00,T,N,F,BRIDLINGTON,EAST YORKSHIRE,HUMBERSIDE,A,A
{6CB96D10-49DF-49CD-BB43-4E11AFA63251},86500,1/31/1995 0:00,D,N,F,FELIXSTOWE,SUFFOLK COASTAL,SUFFOLK,A,A
{A240FF42-7344-44E3-993C-4E11D2E8C20A},37000,5/15/1995 0:00,T,N,F,BILSTON,WALSALL,WEST MIDLANDS,A,A
{71C1B5C1-83AE-4C82-860E-5C4FFAC9ED23},60000,3/31/1995 0:00,T,N,F,SUTTON,SUTTON,GREATER LONDON,A,A
{5875DA88-B043-4E68-B77C-5C501C568128},160000,5/12/1995 0:00,D,N,F,TUNBRIDGE WELLS,TUNBRIDGE WELLS,KENT,A,A
{B34A39E4-0C1E-47AA-B6BE-5546C14F4A77},47000,5/19/1995 0:00,T,N,F,WHITSTABLE,CANTERBURY,KENT,A,A
{2C7A0AC1-EFEF-43ED-8FCD-5546C8029E09},20625,2/10/1995 0:00,T,N,L,HUNTINGDON,HUNTINGDONSHIRE,CAMBRIDGESHIRE,A,A
{BAAE9C72-64BA-4730-AAE4-5546E227889B},58500,3/31/1995 0:00,S,N,F,READING,READING,READING,A,A
{61EA3F76-234D-43B7-A0E2-5546E3ACF6F2},132000,3/31/1995 0:00,D,N,F,BROMLEY,BROMLEY,GREATER LONDON,A,A
{0C2BF73F-D949-4931-99E1-58B9BC216402},98000,3/31/1995 0:00,D,N,F,BEDFORD,NORTH BEDFORDSHIRE,BEDFORDSHIRE,A,A
{C424F75F-E705-4333-A112-58B9E5E177CD},60000,9/22/1995 0:00,T,N,F,DURHAM,DURHAM,DURHAM,A,A
{52BD416D-0B22-43BB-B717-5194393ECF32},19000,6/23/1995 0:00,T,N,F,MORPETH,CASTLE MORPETH,NORTHUMBERLAND,A,A
{1C89BD9F-7B7F-4AEF-91E1-51943B67960C},134000,6/9/1995 0:00,F,N,L,LONDON,KENSINGTON AND CHELSEA,GREATER LONDON,A,A
{E43D5766-2A63-4C99-980F-4E11E3D43A5F},52995,6/12/1995 0:00,F,Y,L,LONDON,GREENWICH,GREATER LONDON,A,A
{80F38C1C-B6D4-40C3-BA62-4E11E6F353C9},79950,7/28/1995 0:00,S,N,F,EDGWARE,HARROW,GREATER LONDON,A,A
{136393CF-839C-4300-B8E3-4E1202850DBF},133000,6/22/1995 0:00,D,N,F,NEWCASTLE UPON TYNE,CASTLE MORPETH,NORTHUMBERLAND,A,A
{920CA561-A8B4-4EBF-B211-5C503849302C},32995,2/8/1995 0:00,T,Y,F,SWANSEA,LLIW VALLEY,WEST GLAMORGAN,A,A
{4DCE2EB6-3F95-4EB3-8032-5C50402CEEF5},151500,11/10/1995 0:00,S,N,F,CONISTON,SOUTH LAKELAND,CUMBRIA,A,A
{D878E6FD-5449-4C02-A0DB-5C504B2101D8},43000,7/27/1995 0:00,T,N,F,CANNOCK,CANNOCK CHASE,STAFFORDSHIRE,A,A
{84B49C1C-4C7D-44C8-99DD-5C506B09202E},39000,1/6/1995 0:00,S,N,L,LIVERPOOL,LIVERPOOL,MERSEYSIDE,A,A
{FD4115DD-00D5-4FFD-B5DD-5546F77989F2},69500,4/13/1995 0:00,T,N,F,MORDEN,MERTON,GREATER LONDON,A,A
{0E88B098-796A-4368-817B-55470FDA18BC},44000,7/10/1995 0:00,S,N,F,STRATFORD-UPON-AVON,STRATFORD-ON-AVON,WARWICKSHIRE,A,A
{DE96FA8C-6C3B-474A-B224-5547198EF1AD},32000,1/10/1995 0:00,S,N,L,LIVERPOOL,LIVERPOOL,MERSEYSIDE,A,A
{3A8055E0-5BD8-4D80-8141-55472B07A1EB},74775,2/10/1995 0:00,T,N,F,CHELMSFORD,CHELMSFORD,ESSEX,A,A
{984871EF-1633-47E2-8933-58BA077E49D6},79995,2/22/1995 0:00,T,N,F,BEDFORD,MID BEDFORDSHIRE,BEDFORDSHIRE,A,A
{485F1E99-6787-4A9F-9B3F-58BA0CA7F073},59995,8/25/1995 0:00,T,N,L,HARLOW,HARLOW,ESSEX,A,A
{9535C150-42D2-43D8-BB28-58BA3530DB8D},75000,9/22/1995 0:00,D,N,F,BIRKENHEAD,WIRRAL,MERSEYSIDE,A,A
{88328F0C-0A19-418B-AB2B-519441FC45E1},63250,9/28/1995 0:00,S,N,F,GLOUCESTER,GLOUCESTER,GLOUCESTERSHIRE,A,A
{431C9B4C-DBBD-47E7-BF7A-5194669F9EE9},70250,10/6/1995 0:00,D,N,F,LOWESTOFT,WAVENEY,SUFFOLK,A,A
{BB12E105-7EA5-4853-B426-5C507D323C45},23000,12/29/1995 0:00,S,N,F,BEDWORTH,NUNEATON AND BEDWORTH,WARWICKSHIRE,A,A
{ABC18D54-4322-4690-AD12-3B19B1511C12},38000,2/10/1995 0:00,F,Y,L,SALE,TRAFFORD,GREATER MANCHESTER,A,A
{077D9214-BFB1-4B29-B554-49585C11767C},38000,9/22/1995 0:00,T,N,F,FALMOUTH,CARRICK,CORNWALL,A,A
{479E489E-FCCE-4790-92F1-495867B72AE4},64000,10/16/1995 0:00,D,N,F,STOKE-ON-TRENT,STAFFORDSHIRE MOORLANDS,STAFFORDSHIRE,A,A
{C645771F-1B50-4FE9-8AF6-4958888EDB23},35500,9/11/1995 0:00,T,N,F,STOKE-ON-TRENT,STOKE-ON-TRENT,STOKE-ON-TRENT,A,A
{4AF42F66-3E93-4A48-A841-495893BB0DAC},88000,2/1/1995 0:00,T,N,F,PETERBOROUGH,EAST NORTHAMPTONSHIRE,NORTHAMPTONSHIRE,A,A
{71EA6E35-56BF-45D2-BB30-49589E08AE44},229950,1/26/1995 0:00,D,N,F,HENLEY-ON-THAMES,SOUTH OXFORDSHIRE,OXFORDSHIRE,A,A
{B3AAC831-0BB6-4C07-BB31-4958A587C450},20500,7/11/1995 0:00,T,N,F,MANSFIELD,MANSFIELD,NOTTINGHAMSHIRE,A,A
{E95433F1-DF26-49C7-8271-423A6F5BE9C3},53500,1/27/1995 0:00,S,N,F,ASHFORD,ASHFORD,KENT,A,A
{F715F8A7-E5A4-4C5E-A4F8-45CA19BDF2B4},81500,7/7/1995 0:00,D,N,F,WIMBORNE,EAST DORSET,DORSET,A,A
{35434890-4479-4B9B-99B1-45CA1A1B14B3},67500,11/30/1995 0:00,T,Y,L,BRIGHTON,BRIGHTON,EAST SUSSEX,A,A
{D5F72CD5-22A0-44C3-8F1A-3EAAD091ADC1},59950,10/16/1995 0:00,S,Y,F,LEIGHTON BUZZARD,AYLESBURY VALE,BUCKINGHAMSHIRE,A,A
{EBF8EE55-9DE5-46B0-9BB0-3EAAE844867E},57250,1/20/1995 0:00,D,N,F,WOLVERHAMPTON,WOLVERHAMPTON,WEST MIDLANDS,A,A
{CC67C88D-46C9-420A-A7A6-3B19DCF75ACF},39000,6/30/1995 0:00,T,N,F,BRISTOL,BRISTOL,AVON,A,A
{73703391-F12A-4DB8-8CF8-3B19E088FFCA},16000,2/28/1995 0:00,F,N,L,CHESTERFIELD,BOLSOVER,DERBYSHIRE,A,A
{DA06DBE3-6D20-4D4F-A0FB-3B19F58D4654},99495,3/31/1995 0:00,T,Y,F,LOUGHTON,EPPING FOREST,ESSEX,A,A
{B841D6B5-CCAF-4057-8E29-3B19F86EC313},93000,11/10/1995 0:00,D,N,L,SUTTON COLDFIELD,BIRMINGHAM,WEST MIDLANDS,A,A
{E545BD13-9B21-4357-80B4-3B19FA1A6B93},49500,6/12/1995 0:00,S,N,L,ASHTON-UNDER-LYNE,TAMESIDE,GREATER MANCHESTER,A,A
{986E81E4-C953-4F8B-B661-423ACC0F35B4},69500,11/24/1995 0:00,T,N,F,LONDON,MERTON,GREATER LONDON,A,A
{99FB3F25-E540-4BD9-BA2A-423AD583192E},41950,7/7/1995 0:00,T,N,F,PLYMOUTH,PLYMOUTH,DEVON,A,A
{169F4517-4BB3-4115-9008-423AE145705B},25000,9/22/1995 0:00,T,N,F,SCARBOROUGH,SCARBOROUGH,NORTH YORKSHIRE,A,A
{ACEF7EF4-B45D-4836-9E36-45CA61D78B3D},45000,5/31/1995 0:00,S,N,F,PAIGNTON,TORBAY,TORBAY,A,A
{0886B6D6-19F9-4BC1-906D-45CA7D07197E},15000,12/20/1995 0:00,T,N,F,HULL,KINGSTON UPON HULL,HUMBERSIDE,A,A
{34CF0A50-CF9A-4B19-937E-45CA829444FE},47000,7/21/1995 0:00,D,N,F,DONCASTER,BOOTHFERRY,HUMBERSIDE,A,A
{3E381AE8-FF4F-46B8-BC0C-45CA84934162},160000,8/4/1995 0:00,D,N,F,CHIPPING CAMPDEN,COTSWOLD,GLOUCESTERSHIRE,A,A
{9409CFAF-5ED0-48E8-9169-3EAAF86F89BC},56000,12/21/1995 0:00,S,N,L,SHEFFIELD,SHEFFIELD,SOUTH YORKSHIRE,A,A
{7DA6DB1B-C347-463C-A5CB-3EAAFDD12D62},49500,9/29/1995 0:00,T,N,F,KEIGHLEY,BRADFORD,WEST YORKSHIRE,A,A
{3B58543E-CE79-42A2-909B-3EAB07D460A2},69000,11/7/1995 0:00,D,N,F,COLWYN BAY,COLWYN,CLWYD,A,A
{FC664B43-97E8-42BB-A5B8-3EAB0D0AD959},59999,6/27/1995 0:00,T,N,F,BRISTOL,BRISTOL,AVON,A,A
{EFDB85ED-684A-4BD5-BCAB-3EAB1725BA6D},79000,7/28/1995 0:00,S,N,F,GUILDFORD,GUILDFORD,SURREY,A,A
{DA50F7C0-9201-4837-9478-3EAB2BBE5D61},124000,9/12/1995 0:00,F,N,L,LONDON,HAMMERSMITH AND FULHAM,GREATER LONDON,A,A
{8AA45404-9075-4303-83C9-3EAB3433271C},26000,1/20/1995 0:00,T,N,F,LEICESTER,LEICESTER,LEICESTER,A,A
{566F462C-1590-4524-B1A3-3B1A117AF9A0},149995,6/29/1995 0:00,S,N,F,WINCHESTER,WINCHESTER,HAMPSHIRE,A,A
{010B893E-8AE5-4B06-BACB-3B1A248AF5EF},60000,9/15/1995 0:00,S,N,F,LICHFIELD,LICHFIELD,STAFFORDSHIRE,A,A
{2D5E106E-685D-4DD4-84A7-3B1A24982059},100000,1/16/1995 0:00,D,N,F,COLCHESTER,BRAINTREE,ESSEX,A,A
{7DBF46A5-CA6E-4777-A5CC-3B1A2E8C9D02},38500,10/6/1995 0:00,S,N,F,PONTYPRIDD,TAFF-ELY,MID GLAMORGAN,A,A
{958032A2-069B-4B88-91B5-3B1A3D13E342},83000,12/22/1995 0:00,S,Y,F,KENILWORTH,WARWICK,WARWICKSHIRE,A,A
{475C6BD2-189C-4882-99E8-3B1A3F002BC8},56000,11/24/1995 0:00,D,N,F,CHORLEY,CHORLEY,LANCASHIRE,A,A
{06A0AA37-B391-4493-8B04-3B1A44D8147D},20060,7/31/1995 0:00,T,N,F,MANCHESTER,BURY,GREATER MANCHESTER,A,A
{F321DABD-619A-4D09-B079-4958EF167F63},97000,11/23/1995 0:00,D,N,F,HOLYWELL,DELYN,CLWYD,A,A
{2ACA543C-51E1-40E5-BAD5-423B1A113515},33000,11/27/1995 0:00,F,N,F,NEWCASTLE,NEWCASTLE-UNDER-LYME,STAFFORDSHIRE,A,A
{FBE424B5-A11B-4B2A-B895-45CAA9829594},40500,1/27/1995 0:00,T,N,F,ASHFORD,ASHFORD,KENT,A,A
{2811520B-98FB-4233-A29B-45CAB18EBA2A},48750,3/24/1995 0:00,S,N,F,TAMWORTH,TAMWORTH,STAFFORDSHIRE,A,A
{A34E41B1-C545-4650-A0E4-45CABC074436},40000,10/27/1995 0:00,S,N,F,LOWESTOFT,WAVENEY,SUFFOLK,A,A
{DF2BFF4D-19D3-4069-A922-45CACA7A28EB},90000,8/18/1995 0:00,D,Y,F,WARRINGTON,WARRINGTON,WARRINGTON,A,A
{CBB541C6-9281-4460-8872-45CAD6EACB1E},32500,10/19/1995 0:00,S,N,L,SWINDON,THAMESDOWN,THAMESDOWN,A,A
{B7E3F0B2-A3AC-49CE-AB99-3EAB519AB04A},64995,1/19/1995 0:00,F,Y,L,LONDON,TOWER HAMLETS,GREATER LONDON,A,A
{F1971D5F-373D-491D-A046-3EAB5FE82F30},84500,11/17/1995 0:00,F,Y,L,LONDON,BARNET,GREATER LONDON,A,A
{77387B08-D57C-4B4C-BBE2-3EAB712012E2},39000,4/28/1995 0:00,S,N,F,MORECAMBE,LANCASTER,LANCASHIRE,A,A
{E30427E7-890D-4ADB-80CE-3B1A5217FD37},55995,9/29/1995 0:00,S,Y,F,BASILDON,BASILDON,ESSEX,A,A
{33A493C2-D809-4BDC-A28D-3B1A5841C9B4},40000,4/7/1995 0:00,D,N,F,DONCASTER,BASSETLAW,NOTTINGHAMSHIRE,A,A
{1F15154F-2C82-4054-9268-3B1A7183EEFA},130000,6/26/1995 0:00,D,N,F,CHIPPING CAMPDEN,COTSWOLD,GLOUCESTERSHIRE,A,A
{34B58841-EF64-43F3-AFF6-423B408CD1B6},64000,7/11/1995 0:00,D,N,F,MANNINGTREE,TENDRING,ESSEX,A,A
{AFEE5839-C1BC-428A-8E70-45CADF285D8D},87000,3/31/1995 0:00,T,N,F,WEST MOLESEY,ELMBRIDGE,SURREY,A,A
{13EFD03A-8E39-40DF-8500-45CAE73806D1},23000,10/16/1995 0:00,T,N,F,STOKE-ON-TRENT,STOKE-ON-TRENT,STOKE-ON-TRENT,A,A
{D63FB923-BFCF-4B2A-8EEA-45CAF61A1C13},43500,6/9/1995 0:00,S,N,F,DONCASTER,DONCASTER,SOUTH YORKSHIRE,A,A
{18737135-082C-4C83-B373-45CAFAE7FCC3},52000,8/29/1995 0:00,T,Y,F,HEREFORD,SOUTH HEREFORDSHIRE,HEREFORD AND WORCESTER,A,A
{12A23607-C43E-4307-9392-45CB117C9783},280000,8/8/1995 0:00,D,N,F,LONDON,BARNET,GREATER LONDON,A,A
{CB439E42-B3DA-4DF4-879C-45CB12E6C79A},66000,3/31/1995 0:00,T,N,F,CROYDON,CROYDON,GREATER LONDON,A,A
{1A85B6DB-1693-4894-85D2-3EAB7CD5182D},32500,1/20/1995 0:00,T,N,F,BRIGHTON,HOVE,EAST SUSSEX,A,A
{A1EF3DB3-751E-4272-9A76-3EAB8A17C579},85500,5/15/1995 0:00,F,Y,L,ESHER,ELMBRIDGE,SURREY,A,A
{7FDF2F2B-E320-461C-AB08-3EAB8A50233A},78000,2/24/1995 0:00,T,N,F,WEMBLEY,BRENT,GREATER LONDON,A,A
{F7760ACA-56A1-47BA-8409-3EABA661A9A4},125000,7/31/1995 0:00,D,N,F,DARTFORD,SEVENOAKS,KENT,A,A
{8C3915A0-34D4-4B72-B050-3EABAEB5AA6D},38000,1/6/1995 0:00,T,N,F,IPSWICH,IPSWICH,SUFFOLK,A,A
{51DB9FB3-F037-40D4-B33B-3B1A8DF83B59},33500,2/10/1995 0:00,S,N,F,NOTTINGHAM,NOTTINGHAM,NOTTINGHAMSHIRE,A,A
{7D8466DB-4C95-4935-AB7A-3B1A9600E22F},40000,6/9/1995 0:00,S,N,F,COLCHESTER,COLCHESTER,ESSEX,A,A
{89BA1DAD-35D3-477C-A108-3B1AC0AF3A5F},42000,10/28/1995 0:00,F,N,L,BOREHAMWOOD,HERTSMERE,HERTFORDSHIRE,A,A
{733005A6-CE5D-4ED0-94BD-4959660AC840},38000,8/25/1995 0:00,S,N,F,PETERBOROUGH,PETERBOROUGH,CAMBRIDGESHIRE,A,A
{15F40380-5EA2-4A0C-9C17-495984628067},65000,7/10/1995 0:00,D,N,F,GOOLE,BOOTHFERRY,HUMBERSIDE,A,A
{88D5C10E-B43C-4BB8-BB57-49599F280D89},28000,5/26/1995 0:00,S,N,F,MANSFIELD,MANSFIELD,NOTTINGHAMSHIRE,A,A
{17B1CBA2-78C7-4713-A10B-423B6BED1FD5},50000,3/31/1995 0:00,T,N,F,PORTSMOUTH,PORTSMOUTH,PORTSMOUTH,A,A
{C06172BC-0A17-4108-AE2F-423B8C3A3E5F},39000,10/14/1995 0:00,T,N,F,LOOE,CARADON,CORNWALL,A,A
{98A48D77-D95E-40E9-840B-45CB1733774A},35000,5/19/1995 0:00,D,N,F,ROMNEY MARSH,SHEPWAY,KENT,A,A
{C5894D2A-EEF2-4727-AA97-45CB1832DD76},61000,9/29/1995 0:00,D,N,F,WALTON ON THE NAZE,TENDRING,ESSEX,A,A
{60198796-B405-4E57-9F33-45CB21EF010D},65000,3/17/1995 0:00,S,N,F,BASINGSTOKE,BASINGSTOKE AND DEANE,HAMPSHIRE,A,A
{C647B651-7908-49F2-8225-45CB51AE835D},82000,12/20/1995 0:00,D,Y,F,FAREHAM,FAREHAM,HAMPSHIRE,A,A
{43035F22-D674-4651-BBCB-3EABB5BFEFFE},20000,2/3/1995 0:00,F,N,L,BRADFORD,BRADFORD,WEST YORKSHIRE,A,A
{1D2C871E-6DDB-4FEE-8B11-3EABD8161028},46000,5/12/1995 0:00,S,N,F,NEWCASTLE UPON TYNE,NEWCASTLE UPON TYNE,TYNE AND WEAR,A,A
{EDFD91F4-5E6D-470A-AD03-3B1ACBBBE886},33000,5/26/1995 0:00,T,N,F,WALLSEND,NORTH TYNESIDE,TYNE AND WEAR,A,A
{FB525862-2038-4846-B0B2-3B1ACF53952E},90000,3/24/1995 0:00,T,N,F,WADHURST,ROTHER,EAST SUSSEX,A,A
{3F0CA788-97A1-4D68-B976-3B1AE97143AB},44750,12/8/1995 0:00,T,N,F,NOTTINGHAM,GEDLING,NOTTINGHAMSHIRE,A,A
{D5D9349A-178B-4EAE-8D46-3B1AF3F4C643},31000,5/31/1995 0:00,T,N,L,LEIGH,WIGAN,GREATER MANCHESTER,A,A
{2F5BBD62-1EAA-42CA-A5E7-3B1AF44606FD},80000,2/23/1995 0:00,D,N,L,GREAT YARMOUTH,GREAT YARMOUTH,NORFOLK,A,A
{E65E056F-2E3F-43A3-96E5-4959A225A4D5},79950,5/5/1995 0:00,D,N,F,MARKFIELD,HINCKLEY AND BOSWORTH,LEICESTERSHIRE,A,A
{4780404D-0F48-45BC-AF72-4959A2331DD4},40000,2/22/1995 0:00,S,N,F,CHESTERFIELD,CHESTERFIELD,DERBYSHIRE,A,A
{E9B3C487-BA1B-40E3-BE67-4959CAA0962A},35000,6/30/1995 0:00,T,N,F,Y FELINHELI,ARFON,GWYNEDD,A,A
{25CA6CB2-AD64-47DD-A898-4959E68ED154},48950,3/9/1995 0:00,T,Y,F,BEVERLEY,THE EAST YORKSHIRE BOROUGH OF BEVERLEY,HUMBERSIDE,A,A
{B7113F37-EADF-49CD-A81C-423BC2B796AD},22948,8/17/1995 0:00,D,N,L,NEWCASTLE UPON TYNE,GATESHEAD,TYNE AND WEAR,A,A
{746A2CCA-EAFE-415D-B811-423BCA99F4CC},73000,3/27/1995 0:00,T,N,F,GREENFORD,EALING,GREATER LONDON,A,A
{49FE9F57-4DFB-4743-96B3-45CB72405A9D},52450,10/27/1995 0:00,T,Y,F,COLCHESTER,COLCHESTER,ESSEX,A,A
{08B9F8C7-1A99-4D0F-B153-45CB95010358},68000,8/7/1995 0:00,D,N,F,BENFLEET,CASTLE POINT,ESSEX,A,A
{99E6548E-9469-420E-9F20-3EABF3F4BDE8},34000,4/21/1995 0:00,T,N,F,PONTYPOOL,TORFAEN,TORFAEN,A,A
{C6A912EE-D6D4-41B2-8434-3B1B0FABE6DE},25000,2/3/1995 0:00,S,N,F,SUTTON COLDFIELD,BIRMINGHAM,WEST MIDLANDS,A,A
{DC2F80E2-06C1-426C-AAF6-3B1B241450AB},46000,1/12/1995 0:00,T,N,F,CLEVEDON,WOODSPRING,AVON,A,A
{EF057320-1E04-425D-8D36-3B1B2995A541},35500,9/22/1995 0:00,S,N,F,CHESTERFIELD,CHESTERFIELD,DERBYSHIRE,A,A
{A9AFB0F9-F360-498E-B042-3B1B2E63822F},40000,9/8/1995 0:00,S,N,F,SMETHWICK,SANDWELL,WEST MIDLANDS,A,A
{6911B184-453D-4C28-B9CC-3B1B303AB7B3},80000,12/15/1995 0:00,S,N,L,BURY,BURY,GREATER MANCHESTER,A,A
{7AF48422-C804-4369-8FD9-3B1B39CCB2F1},42000,12/22/1995 0:00,S,N,F,ANDOVER,TEST VALLEY,HAMPSHIRE,A,A
{57DBA2A0-38E7-40D5-8E0F-4959EE0BC8E9},37000,9/4/1995 0:00,D,N,F,HUDDERSFIELD,KIRKLEES,WEST YORKSHIRE,A,A
{B8E93E01-7BF7-47D9-A729-83B69F81471F},55000,2/3/1995 0:00,S,N,L,ST. HELENS,ST HELENS,MERSEYSIDE,A,A
{57618680-4F46-47DD-975F-83B6A8A5E69E},54250,11/24/1995 0:00,F,N,L,WETHERBY,LEEDS,WEST YORKSHIRE,A,A
{3311B7F4-5D50-43BC-90A6-83B6B7D522C8},46000,8/24/1995 0:00,D,N,F,NOTTINGHAM,NOTTINGHAM,NOTTINGHAMSHIRE,A,A
{E45C1852-15FD-45D6-B720-91F5ECAA0EE5},60000,3/6/1995 0:00,F,N,L,LONDON,ENFIELD,GREATER LONDON,A,A
{E0990B14-E7E6-4424-9352-8E6436137892},36000,5/19/1995 0:00,F,N,L,WOODBRIDGE,SUFFOLK COASTAL,SUFFOLK,A,A
{C0FDBF7D-3E3B-430E-BE6D-8E643D0F74A8},50000,5/3/1995 0:00,T,N,F,SOUTHAMPTON,SOUTHAMPTON,SOUTHAMPTON,A,A
{24BAB00E-8C3F-4646-81B0-8E645243065D},66500,9/15/1995 0:00,T,N,F,LONDON,SOUTHWARK,GREATER LONDON,A,A
{6E03726B-6A4B-41C0-BCD0-8E6459042D1C},58250,12/8/1995 0:00,S,N,F,EASTBOURNE,EASTBOURNE,EAST SUSSEX,A,A
{2AA15888-B6C8-4301-85CE-8E64611141A2},50000,4/12/1995 0:00,S,N,F,CHESTER LE STREET,CHESTER-LE-STREET,DURHAM,A,A
{1339FC6C-A5A1-4DEB-A7D2-83B6E067401E},32000,10/20/1995 0:00,F,N,L,LETCHWORTH GARDEN CITY,NORTH HERTFORDSHIRE,HERTFORDSHIRE,A,A
{C39E1FCB-8FF2-4EB7-B7A5-83B6E6D44BB9},45700,11/10/1995 0:00,T,N,F,FOLKESTONE,SHEPWAY,KENT,A,A
{91A8DD8D-3874-4532-9612-83B6EBB7F6B3},17000,6/28/1995 0:00,S,N,F,DONCASTER,BASSETLAW,NOTTINGHAMSHIRE,A,A
